epoch,loss
0,-0.000455690696836
1,-0.0698714368034
2,-0.0803934417182
