epoch,loss
0,0.00992769289187
1,0.000402706866252
