epoch,loss
0,0.0178640917115
1,0.00137630203248
