epoch,loss
0,0.0227056780908
1,0.00386147643588
2,0.000251017431729
3,0.000433332003812
4,3.39634914665e-07
5,0.000269650907771
6,2.89276281887e-06
7,0.000142589618472
8,3.75060344789e-07
9,0.0
10,0.000222043048372
11,4.83750464751e-05
12,0.0
13,0.0
14,0.0
